[{"id":1,"name":"Dlal Asad","english":47,"history":37,"maths":86,"computer":38,"science":91},
{"id":2,"name":"Ahmed Awn","english":39,"history":44,"maths":44,"computer":47,"science":80},
{"id":3,"name":"saeed qasem","english":38,"history":58,"maths":83,"computer":75,"science":92},
{"id":4,"name":"sarah mohamed","english":84,"history":88,"maths":12,"computer":98,"science":79},
{"id":5,"name":"saleh qasem","english":63,"history":79,"maths":67,"computer":79,"science":10},
{"id":6,"name":"Dana saeed","english":71,"history":55,"maths":60,"computer":98,"science":54},
{"id":7,"name":"ali abdo","english":17,"history":93,"maths":83,"computer":73,"science":62},
{"id":8,"name":"Farah moheeb","english":90,"history":74,"maths":12,"computer":53,"science":44},
{"id":9,"name":"tasneem qasem","english":92,"history":67,"maths":53,"computer":85,"science":77},
{"id":10,"name":"Ali ziad","english":95,"history":79,"maths":60,"computer":100,"science":47},
{"id":11,"name":"moner tareeq","english":38,"history":96,"maths":56,"computer":76,"science":55},
{"id":12,"name":"motaz abdo","english":57,"history":51,"maths":39,"computer":64,"science":70},
{"id":13,"name":"monera taha","english":78,"history":55,"maths":22,"computer":55,"science":3},
{"id":14,"name":"manar eslam","english":56,"history":44,"maths":90,"computer":83,"science":26},
{"id":15,"name":"maha monther","english":9,"history":86,"maths":25,"computer":39,"science":76},
{"id":16,"name":"tarq yasen","english":14,"history":75,"maths":46,"computer":60,"science":81},
{"id":17,"name":"loay nader","english":32,"history":47,"maths":88,"computer":41,"science":45},
{"id":18,"name":"ahmed osama","english":32,"history":99,"maths":14,"computer":57,"science":37},
{"id":19,"name":"lamya gaylan","english":22,"history":53,"maths":42,"computer":86,"science":14},
{"id":20,"name":"lames ali","english":98,"history":61,"maths":3,"computer":42,"science":33},
{"id":21,"name":"nahed aqeel","english":76,"history":83,"maths":62,"computer":93,"science":43},
{"id":22,"name":"nora layth","english":25,"history":79,"maths":68,"computer":81,"science":42},
{"id":23,"name":"nahla shick","english":95,"history":43,"maths":53,"computer":43,"science":75},
{"id":24,"name":"nasreen jabl","english":94,"history":72,"maths":70,"computer":98,"science":61},
{"id":25,"name":"naser amar","english":82,"history":86,"maths":70,"computer":63,"science":94},
{"id":26,"name":"nasr omar","english":78,"history":73,"maths":3,"computer":69,"science":88},
{"id":27,"name":"mageda amer","english":45,"history":94,"maths":13,"computer":83,"science":7},
{"id":28,"name":"monera ramez","english":74,"history":51,"maths":32,"computer":51,"science":51},
{"id":29,"name":"majed ahmed","english":16,"history":88,"maths":92,"computer":88,"science":29},
{"id":30,"name":"mahmod rashed","english":96,"history":62,"maths":46,"computer":83,"science":93},
{"id":31,"name":"shady ameen","english":1,"history":38,"maths":11,"computer":86,"science":3},
{"id":32,"name":"ramy ameer","english":99,"history":36,"maths":23,"computer":89,"science":60},
{"id":33,"name":"shayma saqaf","english":8,"history":50,"maths":52,"computer":52,"science":50},
{"id":34,"name":"rana azan","english":73,"history":65,"maths":52,"computer":47,"science":86},
{"id":35,"name":"rania salem","english":46,"history":84,"maths":75,"computer":55,"science":64},
{"id":36,"name":"nada samer","english":75,"history":39,"maths":92,"computer":70,"science":60},
{"id":37,"name":"nuha magdi","english":70,"history":58,"maths":22,"computer":36,"science":62},
{"id":38,"name":"kanan medhat","english":41,"history":82,"maths":11,"computer":62,"science":75},
{"id":39,"name":"bayan marwan","english":42,"history":60,"maths":60,"computer":71,"science":1},
{"id":40,"name":"kenan morad","english":14,"history":41,"maths":94,"computer":100,"science":20},
{"id":41,"name":"mnal adel","english":63,"history":76,"maths":53,"computer":60,"science":27},
{"id":42,"name":"soad farhan","english":58,"history":53,"maths":87,"computer":96,"science":74},
{"id":43,"name":"sameh bakr","english":93,"history":70,"maths":3,"computer":47,"science":74},
{"id":44,"name":"somia salem","english":42,"history":82,"maths":35,"computer":37,"science":60},
{"id":45,"name":"samer ryan","english":7,"history":99,"maths":45,"computer":80,"science":72},
{"id":46,"name":"tamer ashor","english":6,"history":76,"maths":63,"computer":83,"science":92},
{"id":47,"name":"nezar hamed","english":74,"history":46,"maths":13,"computer":64,"science":66},
{"id":48,"name":"besher majed","english":66,"history":91,"maths":41,"computer":43,"science":86},
{"id":49,"name":"baraa samer","english":71,"history":82,"maths":57,"computer":81,"science":52},
{"id":50,"name":"mostafa sameh","english":33,"history":72,"maths":59,"computer":41,"science":54}]